TIME,leftTop x,leftTop y,rightBottom x,rightBottom y,area,areaRatio
0,519,129,830,527,123778,1.0
1,517,130,830,531,125513,1.0140170304900709
2,518,128,830,535,126984,1.0259012102312204
